{
    "animation": [
        {
            "name": "Root",
            "time": [0.0, 0.1333, 0.2, 0.3333, 0.4667, 0.55, 0.6667],
            "transform": [
                [1.0, 0.0, 0.0, -5e-06, 0.0, 0.0, -1.0, 0.000946, 0.0, 1.0, 0.0, 0.757472, 0.0, 0.0, 0.0, 1.0],
                [1.0, 0.0, 0.0, -5e-06, 0.0, 0.0, -1.0, 0.000946, 0.0, 1.0, 0.0, 0.528932, 0.0, 0.0, 0.0, 1.0],
                [1.0, 0.0, 0.0, -5e-06, 0.0, 0.0, -1.0, 0.000946, 0.0, 1.0, 0.0, 0.705213, 0.0, 0.0, 0.0, 1.0],
                [1.0, 0.0, 0.0, -5e-06, 0.0, 0.0, -1.0, 0.000946, 0.0, 1.0, 0.0, 0.757472, 0.0, 0.0, 0.0, 1.0],
                [1.0, 0.0, 0.0, -5e-06, 0.0, 0.0, -1.0, 0.000946, 0.0, 1.0, 0.0, 0.533269, 0.0, 0.0, 0.0, 1.0],
                [1.0, 0.0, 0.0, -5e-06, 0.0, 0.0, -1.0, 0.000946, 0.0, 1.0, 0.0, 0.695273, 0.0, 0.0, 0.0, 1.0],
                [1.0, 0.0, 0.0, -5e-06, 0.0, 0.0, -1.0, 0.000946, 0.0, 1.0, 0.0, 0.757472, 0.0, 0.0, 0.0, 1.0]
            ]
        },
        {
            "name": "Thigh_R",
            "time": [0.0, 0.05, 0.1333, 0.3333, 0.3833, 0.4667, 0.6667],
            "transform": [
                [0.996034, -0.027016, 0.084777, 0.104721, 0.063374, -0.453389, -0.889057, -0.002831, 0.062456, 0.890903, -0.449878, 0.054304, 0.0, 0.0, 0.0, 1.0],
                [0.996034, -0.027016, 0.084777, 0.104721, 0.063374, -0.453389, -0.889057, -0.002831, 0.062456, 0.890903, -0.449878, 0.054304, 0.0, 0.0, 0.0, 1.0],
                [0.974572, 0.106091, 0.197369, 0.106219, 0.216535, -0.67247, -0.70774, 0.023437, 0.05764, 0.732481, -0.678343, 0.050811, 0.0, 0.0, 0.0, 1.0],
                [0.996637, 0.080699, 0.014233, 0.111901, 0.040015, -0.630846, 0.774875, 0.123074, 0.07151, -0.771699, -0.631954, 0.037562, 0.0, 0.0, 0.0, 1.0],
                [0.996637, 0.080699, 0.014233, 0.111901, 0.046393, -0.698844, 0.713767, 0.123074, 0.067546, -0.710706, -0.700238, 0.037562, 0.0, 0.0, 0.0, 1.0],
                [0.974572, 0.106091, 0.197369, 0.110403, -0.012417, -0.853892, 0.520302, 0.096807, 0.223731, -0.509522, -0.830862, 0.041055, 0.0, 0.0, 0.0, 1.0],
                [0.996034, -0.027016, 0.084777, 0.104721, 0.063374, -0.453389, -0.889057, -0.002831, 0.062456, 0.890903, -0.449878, 0.054304, 0.0, 0.0, 0.0, 1.0]
            ]
        },
        {
            "name": "Leg_R",
            "time": [0.0, 0.05, 0.1333, 0.3333, 0.3833, 0.4667, 0.6667],
            "transform": [
                [0.998192, -0.056497, -0.020506, -0.0, 0.057177, 0.997776, 0.034258, 0.37472, 0.018525, -0.035369, 0.999203, -0.0, 0.0, 0.0, 0.0, 1.0],
                [0.998192, -0.056497, -0.020506, -0.0, 0.057177, 0.997776, 0.034258, 0.37472, 0.018525, -0.035369, 0.999203, 0.0, 0.0, 0.0, 0.0, 1.0],
                [0.952216, -0.037214, -0.303149, -0.0, 0.073946, 0.99111, 0.110601, 0.37472, 0.296338, -0.127733, 0.946503, -0.0, 0.0, 0.0, 0.0, 1.0],
                [0.99973, 0.020735, -0.01049, 0.0, 0.006387, 0.18884, 0.981987, 0.37472, 0.022342, -0.981789, 0.188656, 0.0, 0.0, 0.0, 0.0, 1.0],
                [0.999971, -0.004761, -0.006023, 0.0, 0.007576, 0.484814, 0.874585, 0.37472, -0.001244, -0.874605, 0.484836, 0.0, 0.0, 0.0, 0.0, 1.0],
                [0.946246, 0.189057, -0.262444, -0.0, 0.179412, 0.368341, 0.912215, 0.37472, 0.26913, -0.910265, 0.314622, 0.0, 0.0, 0.0, 0.0, 1.0],
                [0.998192, -0.056497, -0.020506, -0.0, 0.057177, 0.997776, 0.034258, 0.37472, 0.018525, -0.035369, 0.999203, -0.0, 0.0, 0.0, 0.0, 1.0]
            ]
        },
        {
            "name": "Knee_R",
            "time": [0.0, 0.05, 0.3333, 0.3833, 0.6667],
            "transform": [
                [1.0, 0.0, -0.0, -0.0, -0.0, 1e-06, -1.0, 0.37472, -0.0, 1.0, 1e-06, -0.0, 0.0, 0.0, 0.0, 1.0],
                [1.0, 0.0, -0.0, -0.0, -0.0, 1e-06, -1.0, 0.37472, -0.0, 1.0, 1e-06, 0.0, 0.0, 0.0, 0.0, 1.0],
                [1.0, 0.0, -0.0, 0.0, -0.0, 1e-06, -1.0, 0.37472, -0.0, 1.0, 1e-06, 0.0, 0.0, 0.0, 0.0, 1.0],
                [1.0, 0.0, -0.0, 0.0, -0.0, 1e-06, -1.0, 0.37472, -0.0, 1.0, 1e-06, 0.0, 0.0, 0.0, 0.0, 1.0],
                [1.0, 0.0, -0.0, -0.0, -0.0, 1e-06, -1.0, 0.37472, -0.0, 1.0, 1e-06, -0.0, 0.0, 0.0, 0.0, 1.0]
            ]
        },
        {
            "name": "Thigh_L",
            "time": [0.0, 0.05, 0.1333, 0.3333, 0.3833, 0.4667, 0.6667],
            "transform": [
                [0.999202, -0.038763, 0.009592, -0.111913, -0.03425, -0.708434, 0.704945, 0.119322, -0.020531, -0.704711, -0.709197, 0.037562, 0.0, 0.0, 0.0, 1.0],
                [0.999202, -0.038763, 0.009592, -0.111913, -0.03425, -0.708434, 0.704945, 0.119322, -0.020531, -0.704711, -0.709197, 0.037562, 0.0, 0.0, 0.0, 1.0],
                [0.97895, -0.096096, -0.180062, -0.10726, 0.028311, -0.809763, 0.586074, 0.061778, -0.202127, -0.578835, -0.789997, 0.052383, 0.0, 0.0, 0.0, 1.0],
                [0.996034, 0.027016, -0.084777, -0.104733, -0.048122, -0.637864, -0.768644, -0.002831, -0.074842, 0.769675, -0.634034, 0.060434, 0.0, 0.0, 0.0, 1.0],
                [0.996034, 0.027016, -0.084777, -0.104733, -0.03942, -0.720197, -0.692649, -0.002831, -0.079769, 0.693244, -0.716275, 0.060434, 0.0, 0.0, 0.0, 1.0],
                [0.97895, -0.096096, -0.180063, -0.10726, -0.190746, -0.744632, -0.639639, 0.061778, -0.072614, 0.660521, -0.747287, 0.052383, 0.0, 0.0, 0.0, 1.0],
                [0.999202, -0.038763, 0.009592, -0.111913, -0.03425, -0.708434, 0.704945, 0.119322, -0.020531, -0.704711, -0.709197, 0.037562, 0.0, 0.0, 0.0, 1.0]
            ]
        },
        {
            "name": "Leg_L",
            "time": [0.0, 0.05, 0.1333, 0.3333, 0.3833, 0.4667, 0.6667],
            "transform": [
                [0.994024, -0.008377, 0.108837, 0.0, -0.108841, -1.4e-05, 0.994059, 0.37472, -0.008325, -0.999965, -0.000926, 0.0, 0.0, 0.0, 0.0, 1.0],
                [0.994024, -0.008377, 0.108837, 0.0, -0.108841, -1.4e-05, 0.994059, 0.37472, -0.008325, -0.999965, -0.000926, 0.0, 0.0, 0.0, 0.0, 1.0],
                [0.998944, -0.014426, -0.043614, 0.0, 0.043343, -0.01861, 0.998887, 0.37472, -0.015222, -0.999723, -0.017965, 0.0, 0.0, 0.0, 0.0, 1.0],
                [0.99803, -0.024204, 0.057881, 0.0, 0.022384, 0.999241, 0.031884, 0.37472, -0.058609, -0.030526, 0.997814, -0.0, 0.0, 0.0, 0.0, 1.0],
                [0.997949, -0.037259, 0.052047, 0.0, 0.026646, 0.981138, 0.191461, 0.37472, -0.058199, -0.189682, 0.980119, 0.0, 0.0, 0.0, 0.0, 1.0],
                [0.96929, 0.239295, 0.056693, -0.0, -0.244877, 0.960391, 0.132983, 0.37472, -0.022625, -0.142782, 0.989496, 0.0, 0.0, 0.0, 0.0, 1.0],
                [0.994024, -0.008377, 0.108837, 0.0, -0.108841, -1.4e-05, 0.994059, 0.37472, -0.008325, -0.999965, -0.000926, 0.0, 0.0, 0.0, 0.0, 1.0]
            ]
        },
        {
            "name": "Knee_L",
            "time": [0.0, 0.05, 0.3333, 0.3833, 0.6667],
            "transform": [
                [1.0, 0.0, -0.0, 0.0, -0.0, 1e-06, -1.0, 0.37472, -0.0, 1.0, 1e-06, 0.0, 0.0, 0.0, 0.0, 1.0],
                [1.0, 0.0, -0.0, 0.0, -0.0, 1e-06, -1.0, 0.37472, -0.0, 1.0, 1e-06, 0.0, 0.0, 0.0, 0.0, 1.0],
                [1.0, 0.0, -0.0, 0.0, -0.0, 1e-06, -1.0, 0.37472, -0.0, 1.0, 1e-06, -0.0, 0.0, 0.0, 0.0, 1.0],
                [1.0, 0.0, -0.0, 0.0, -0.0, 1e-06, -1.0, 0.37472, -0.0, 1.0, 1e-06, 0.0, 0.0, 0.0, 0.0, 1.0],
                [1.0, 0.0, -0.0, 0.0, -0.0, 1e-06, -1.0, 0.37472, -0.0, 1.0, 1e-06, 0.0, 0.0, 0.0, 0.0, 1.0]
            ]
        },
        {
            "name": "Torso",
            "time": [0.0, 0.05, 0.1333, 0.3333, 0.3833, 0.4667, 0.6667],